E1 TO E2,CSSS/PA/PS
E1 TO E2,HINDI
E1 TO E2,CFA
E1 TO E2,CM
E1 TO E2,EB
E1 TO E2,ARCH
E1 TO E2,CIVIL
E1 TO E2,CSS
E1 TO E2,ELECTRICAL
E1 TO E2,FINANCE
E1 TO E2,TELECOM FACTORY
E2 TO E3,ARCHITECTURE
E2 TO E3,CSS
E2 TO E3,CSSS/PA/PS
E2 TO E3,CFA
E2 TO E3,CM
E2 TO E3,E AND WS
E2 TO E3,CIVIL
E2 TO E3,FINANCE
E2 TO E3,HINDI
E2 TO E3,TELECOM FACTORY
E2 TO E3,ELECTRICAL
E3 TO E4,ARCHITECURE
E3 TO E4,CSSS/PA/PS
E3 TO E4,CFA
E3 TO E4,CM
E3 TO E4,E AND WS
E3 TO E4,ELECTRICAL
E3 TO E4,CIVIL
E3 TO E4,CSS
E3 TO E4,FINANCE
E3 TO E4,HINDI
E3 TO E4,TELECOM FACTORY
E4 TO E5,ARCHITECURE
E4 TO E5,CSSS/PA/PS
E4 TO E5,TELECOM FACTORY
E4 TO E5,CFA
E4 TO E5,CM
E4 TO E5,CSS
E4 TO E5,E AND WS
E4 TO E5,CIVIL
E4 TO E5,ELECTRICAL
E4 TO E5,FINANCE
E5 TO E6,ARCHITECURE
E5 TO E6,CIVIL
E5 TO E6,CSSS/PA/PS
E5 TO E6,ELECTRICAL
E5 TO E6,CSS
E5 TO E6,TELECOM
E5 TO E6,TF